Ellan,Weich
Chere,Harkins
Rigoberto,Kear
Vivan,Engelhardt
Chantal,Ohanlon
Joesph,Patnode
Rubin,Wasserman
Pilar,Walkes
Shelba,Alderman
Veola,Byerly
Mao,Gorney
Anibal,Hoppe
Marilee,Hemingway
Aurelia,Hardin
Maureen,Fentress
Earline,Sidwell
Laverna,Gee
Blythe,Molander
Virgen,Giroir
Joya,Drakeford
Josefa,Mcphail
Stefany,Glaser
Raina,Brightwell
Tuyet,Outler
Nella,Daughtridge
Lazaro,Capone
Jay,Rojero
Lara,Earwood
Malia,Fedrick
Eveline,Nell
Layne,Fitzwater
Cesar,Pereyra
Michelle,Nawrocki
Gillian,Yi
Alphonse,Tice
Oliva,Marte
Nadene,Tekulve
Ethan,Lubbers
Thersa,Viverette
Jenni,Harden
Rochelle,Bernat
Jonah,Baldon
Shaunte,Paulino
Beula,Stottlemyer
Kimberly,Balducci
Shandi,Mintz
Felipe,Sakata
Pearly,Standish
Alvin,Shuman
Corinne,Tingley
Nellie,Saleem
Faviola,Allsop
Phil,Rasheed
Blair,Grenier
Reva,Franson
Britta,Mauk
Stefan,Coppedge
Kenda,Kahan
Eric,Deloera
Ariane,Blackwood
Neda,Krom
Mitsuko,Roda
Adelina,Wayland
Freddie,Vachon
Cathleen,Ascher
Karly,Pizzuto
Bok,Allende
Clifton,Calabro
Lavette,Haithcock
Grayce,Mckiernan
Gwenda,Berkey
Amal,Runions
Saul,Coulston
Meryl,Mckinney
Fransisca,Placencia
Marni,Barros
Celena,Carswell
Manuel,Groover
Rosia,Moreland
Samara,Tank
